{"cameraMode":{"drawMode":0,"name":"Shaded","section":"Shading Mode"},"sceneLighting":false,"audioPlay":false,"sceneViewState":{"m_AlwaysRefresh":false,"showFog":true,"showSkybox":false,"showFlares":true,"showImageEffects":true,"showParticleSystems":true,"showVisualEffectGraphs":true,"m_FxEnabled":true},"in2DMode":false,"pivot":{"x":-1.5437700748443604,"y":0.4189232587814331,"z":0.5561794638633728},"rotation":{"x":-0.4857422709465027,"y":-0.01652122102677822,"z":0.009182840585708619,"w":-0.8739011883735657},"size":11.124367713928223,"orthographic":false}