{"cameraMode":{"drawMode":0,"name":"Shaded","section":"Shading Mode"},"sceneLighting":false,"audioPlay":false,"sceneViewState":{"m_AlwaysRefresh":false,"showFog":true,"showSkybox":true,"showFlares":true,"showImageEffects":true,"showParticleSystems":true,"showVisualEffectGraphs":true,"m_FxEnabled":true},"in2DMode":false,"pivot":{"x":-0.1334429681301117,"y":2.4037017822265627,"z":-0.010167432017624379},"rotation":{"x":-0.08781179785728455,"y":-0.08090487122535706,"z":0.007165670394897461,"w":-0.9929182529449463},"size":1.7941635847091675,"orthographic":false}