{"cameraMode":{"drawMode":0,"name":"Shaded","section":"Shading Mode"},"sceneLighting":false,"audioPlay":false,"sceneViewState":{"m_AlwaysRefresh":false,"showFog":true,"showSkybox":false,"showFlares":true,"showImageEffects":true,"showParticleSystems":true,"showVisualEffectGraphs":true,"m_FxEnabled":true},"in2DMode":false,"pivot":{"x":-0.6137905716896057,"y":-0.2269248515367508,"z":-0.3257249593734741},"rotation":{"x":-0.4686872959136963,"y":0.00450262101367116,"z":-0.0023891425225883724,"w":-0.8833524584770203},"size":2.926666021347046,"orthographic":false}