{"cameraMode":{"drawMode":0,"name":"Shaded","section":"Shading Mode"},"sceneLighting":true,"audioPlay":false,"sceneViewState":{"m_AlwaysRefresh":false,"showFog":true,"showSkybox":true,"showFlares":true,"showImageEffects":true,"showParticleSystems":true,"showVisualEffectGraphs":true,"m_FxEnabled":true},"in2DMode":false,"pivot":{"x":0.09301991015672684,"y":0.37919938564300539,"z":2.6915931701660158},"rotation":{"x":-0.1126817986369133,"y":0.7958543300628662,"z":-0.1561996340751648,"w":-0.5740715265274048},"size":5.279106140136719,"orthographic":false}